@joecannaccino,https://twitter.com/joecannaccino/status/1421983061751734277,2021-08-01T23:55:55.000Z,"Go check out my pinned tweet for a cool video I edited on yesterday‚Äôs APED LA  @APEDcollective  @BoredApeYC  event ",2,1,5
@0xChocBlock,https://twitter.com/0xChocBlock/status/1421982438947901440,2021-08-01T23:53:27.000Z,Should check out  @RealSupDucks  feel like you'll vibe with them  @steveaoki,0,0,4
@BorisVagner,https://twitter.com/BorisVagner/status/1421981959547342849,2021-08-01T23:51:32.000Z,"@RichVagner  NFT ALBUM w/  @thelandvault  under  @metaverserecord  out now on rarible!   http://rarible.com/richardvagnerh‚Ä¶  Here‚Äôs a snippet of one song ‚ÄúApeing Around‚Äù off my nft album out now!   Discord: http://discord.gg/NywGBHQfH7  Merch hat:  @BoredApeYC  ",2,3,7
@cthejourney,https://twitter.com/cthejourney/status/1421980869632344065,2021-08-01T23:47:13.000Z,This is professional! A testament to the ape's network and influence capabilities.,0,0,6
@ToyBoogers,https://twitter.com/ToyBoogers/status/1421979319195164676,2021-08-01T23:41:03.000Z,"Just added a Vogu robot in my username next to my bored ape banana! Goes well with my current Ape-Vogu pfp!  Loving these two projects, teams, and communities so much! Such a pleasure and honor to be part of them! Cheers! @BoredApeYC  @the_vogu  #BoredApeYachtClub #vogufamily",1,2,10
@TimpersHD,https://twitter.com/TimpersHD/status/1421978696957796360,2021-08-01T23:38:35.000Z,"What an ape ",0,0,6
@uniqueNFT,https://twitter.com/uniqueNFT/status/1421975406912188418,2021-08-01T23:25:30.000Z,So  @BoredApeYC  let's see just how well this works. Lots of new #BoredApe holders my ape is looking to connect with #apefollowape,0,0,4
@ShaneCultra,https://twitter.com/ShaneCultra/status/1421972993132146692,2021-08-01T23:15:55.000Z,Beehouse. com about to come out with a line of White Ape Honey,2,0,6
@_jeffnicholas_,https://twitter.com/_jeffnicholas_/status/1421971665974530050,2021-08-01T23:10:38.000Z,Holographic glasses gang! LFG! @BoredApe6633,1,0,7
@SlamDiegoZoo,https://twitter.com/SlamDiegoZoo/status/1421971068407803904,2021-08-01T23:08:16.000Z,"Every time we see a Red Head Ape we think‚Ä¶.  If there is one brand who could, should, and would run a successful Twitter  @BoredApeYC  campaign it is  @Wendys .",1,2,8
@Roothlus,https://twitter.com/Roothlus/status/1421970577896525828,2021-08-01T23:06:19.000Z,"#AboutLastNight  @APEDcollective  @brtmoments  @BoredApeYC    Amazing time. Place was packed the entire night!",1,1,16
@josephjphua,https://twitter.com/josephjphua/status/1421969724758495233,2021-08-01T23:02:55.000Z,The sushi brothers are in the care of other diamond hands now. You never really own an ape. You just hold them for the next better player  @BoredApeYC,1,0,4
@amandaj0hnstone,https://twitter.com/amandaj0hnstone/status/1421968195846426624,2021-08-01T22:56:51.000Z,This was all because of you . Thank you William,1,0,8
@ImJarrd,https://twitter.com/ImJarrd/status/1421967933769723910,2021-08-01T22:55:48.000Z,"I‚Äôm cooking up something fun for all of the ZEDDERS to join the PFP movement, just need to nail down the details",2,1,16
@wekuinc,https://twitter.com/wekuinc/status/1421967919303512065,2021-08-01T22:55:45.000Z,"The new contest will be held on Twitter and Instagram. We have created a custom #SolarWindToken version of the popular  @BoredApeYC  NFTs to give away to the #SolarWindArmy as a thank you!  10 Renewable Apes will be given away over the next 2 weeks, like & retweet to enter.",75,109,120
@thefrenchie_eth,https://twitter.com/thefrenchie_eth/status/1421967192317431808,2021-08-01T22:52:52.000Z,"Jordan x BAYC ",0,0,8
@aCrazyMonkey,https://twitter.com/aCrazyMonkey/status/1421966512957493249,2021-08-01T22:50:10.000Z,I‚Äôm still wanting that  @BAPEOFFICIAL  merch collab,1,3,12
@0xArch,https://twitter.com/0xArch/status/1421966239061188620,2021-08-01T22:49:04.000Z,"Who will be the first big brand to see the potential in connecting with  @BoredApeYC ?  5,000+ members holding at least $20k in crypto assets, combining to have major social influence across the NFT space  Feels inevitable with seemingly every brand in the world wanting to enter",8,7,74
@ValkyrieRacer,https://twitter.com/ValkyrieRacer/status/1421965714261479431,2021-08-01T22:46:59.000Z,"Great, now I'm gonna have to get used to the new profile pic lol. But seriously, congrats!",1,0,7
@sabet,https://twitter.com/sabet/status/1421965655167827968,2021-08-01T22:46:45.000Z,Thanks to my  @BoredApeYC  brother  @GabrielJWeis  for encouraging me to share my ape with the world.,3,1,28
@ImJarrd,https://twitter.com/ImJarrd/status/1421964381320065025,2021-08-01T22:41:41.000Z,Congrats to the new owner! Crazy Jay you will be missed dearly.  @BoredApeYC  team thank you for changing my life. Now it's time to show some love to my Baby Kong to celebrate $Banana hitting $5 today! ZED RUN PFPs  https://twitter.com/boredapebot/status/1421946954909630466‚Ä¶,12,0,51
@sabet,https://twitter.com/sabet/status/1421961873516208128,2021-08-01T22:31:44.000Z,Where my Bored Apes at?#Newprofilepic  @BoredApeYC  #6769 #BAYC,63,28,261
@WilliamTong,https://twitter.com/WilliamTong/status/1421961456380116992,2021-08-01T22:30:04.000Z,"The butterfly effect is powerful. When I first met  @j1mmyeth  he was generous with his time & knowledge, showing kindness & patience in helping us find an Ape from his collection. Now, with a friend in the ICU from Covid, his gift‚Äôs moment in the blockchain thunders into the world",1,0,13
@benmayorwhite,https://twitter.com/benmayorwhite/status/1421958672343871494,2021-08-01T22:19:00.000Z,Happy you‚Äôre still in the BAYC,0,0,3
@GutterCatGang,https://twitter.com/GutterCatGang/status/1421958238497427456,2021-08-01T22:17:17.000Z,"Bruh, that's you  @steveaoki",0,1,12
@Fleetz_,https://twitter.com/Fleetz_/status/1421957490279960581,2021-08-01T22:14:19.000Z,We got this Gutttercst for you! YOU TIGER YOU!  https://opensea.io/assets/0xedb61f74b0d09b2558f1eeb79b247c1f363ae452/141?ref=0x2d2193f337a4e446c14caa5c90e7b5849203acd0‚Ä¶,3,2,14
@ishmilly,https://twitter.com/ishmilly/status/1421956591893442562,2021-08-01T22:10:44.000Z,My friend sold his ape for 9ETH. He thought I was insane three weeks ago when I insisted he purchase it for 3.9ETH. Now he gets what the hype is all about.   @BoredApeYC  #bayc #NFTCommunity,1,1,9
@JRArtSpace_NFT,https://twitter.com/JRArtSpace_NFT/status/1421956331288862724,2021-08-01T22:09:42.000Z,Just a reminder . . . It's okay to take profits on the way up! Listing 1 of my 3  @BoredApeYC  As the lowest Pipe trait market value! https://opensea.io/assets/0xbc4ca0eda7647a8ab7c2061c2e118a18a936f13d/7278‚Ä¶ #BAYC #BoredApeYachtClub,3,3,16
@amandaj0hnstone,https://twitter.com/amandaj0hnstone/status/1421954648240312323,2021-08-01T22:03:01.000Z,You gave me one & I just sold it to help fund  @jin_diesel  ICU bill as he fights for his life with COVID-19 on a ventilator + ECMO. I was also able to directly help the family. Thank you  @j1mmyeth  &  @BoredApeYC  +  @WilliamTong  @farokh  @JohnKnopfPhotos    https://gofundme.com/f/fundraiser-for-jin-yu-wolfxlion-hospital-stay‚Ä¶,7,14,51
@JavierLovato127,https://twitter.com/JavierLovato127/status/1421953237905600513,2021-08-01T21:57:25.000Z,10ETH Floor... coming soon to a Bored Ape near you @BoredApeYC,2,2,18
@MetaverseMag,https://twitter.com/MetaverseMag/status/1421952230438080513,2021-08-01T21:53:24.000Z,"A great call. Apes will be like pixie dust soon ",0,0,3
@yayoiDOTSORA,https://twitter.com/yayoiDOTSORA/status/1421951121107521538,2021-08-01T21:49:00.000Z,Word on the street is you may be able to feed them to #BAYC apes for prizes. Time will tell.  @BoredApeYC . @bored_bananas,1,4,7
@sabet,https://twitter.com/sabet/status/1421949808114208775,2021-08-01T21:43:47.000Z,This is dope!! Best ape derivative yet!,1,0,5
@SpookiesNFT,https://twitter.com/SpookiesNFT/status/1421947394745409540,2021-08-01T21:34:12.000Z,"Awesome Spookies!! ",0,1,8
@ohhshiny,https://twitter.com/ohhshiny/status/1421947068596244484,2021-08-01T21:32:54.000Z,"Today I took my prized  @BoredApeYC  #2488 off of the market. I did so because if he were to sell, I would also lose my stake in the project as a community member, and that just means too much for me to trade away.",25,18,266
@franalations23,https://twitter.com/franalations23/status/1421946334030925824,2021-08-01T21:29:59.000Z,Today‚Äôs picks ups   @BoredApeYC  @thelonelyaliens  @SpookiesNFT,26,12,129
@AbhiramBangaru,https://twitter.com/AbhiramBangaru/status/1421945655648346116,2021-08-01T21:27:17.000Z,I just love the cool ape versions of my Apes! Do you need one then reach out to  @lilfrecklez  he is amazing!  @BoredApeYC  #BAYC #BAKC #APE,0,3,14
@a_raving_ape,https://twitter.com/a_raving_ape/status/1421940209667776520,2021-08-01T21:05:39.000Z,EDC LV LFG!!!!,0,0,4
@PuffYachty,https://twitter.com/PuffYachty/status/1421938250009227273,2021-08-01T20:57:51.000Z,I have them all except gcg think I might join the gutterrrrr,0,0,6
@AndrewMedal,https://twitter.com/AndrewMedal/status/1421937877953417227,2021-08-01T20:56:23.000Z,@landforce  you guys gotta get in @GoblinGoons   @GutterCatGang   @ImmaDegen   @BullsOnTheBlock   @TheAlienBoyNFT    These are all a good NFT started pack unless you just want to ape into  @BoredApeYC,1,0,6
@Kamo_999,https://twitter.com/Kamo_999/status/1421934948076896270,2021-08-01T20:44:44.000Z,Check out  @thelonelyaliens  #SpaceClub,0,1,6
@nashty_SunsFan,https://twitter.com/nashty_SunsFan/status/1421933146686201860,2021-08-01T20:37:35.000Z,Welcome to the deathbots,0,0,7
@GutterCatGang,https://twitter.com/GutterCatGang/status/1421932408383762432,2021-08-01T20:34:39.000Z,"That Gutter Cat is FRESH, g   Glad to have you in the gang ",0,1,6
@Schillerverse,https://twitter.com/Schillerverse/status/1421929860243537921,2021-08-01T20:24:31.000Z,"Reminders:  @BoredApeYC  Kennel Club basketball redemption: ""The NFT doubles as your access to pre-order a limited-edition physical basketball, on sale only until August 4th, 2021. Get yours here: https://round21.com/pages/bayc""   Also  @punkscomic  burning is now live for 2 weeks.",0,2,9
@yaterpillar,https://twitter.com/yaterpillar/status/1421926204773437440,2021-08-01T20:09:59.000Z,‚Ä¶https://xn--56hz5aaba24804a.y.at,1,1,8
@_jeffnicholas_,https://twitter.com/_jeffnicholas_/status/1421923607781855234,2021-08-01T19:59:40.000Z,Guys you‚Äôre gonna have to do a lot better than that if you want  @LindseyByrnes ‚Äôs trippy fur / rainbow mouth leather daddy  @BoredApeYC  Ape with a gold stud.,4,4,50
@stew_eth,https://twitter.com/stew_eth/status/1421922490004164608,2021-08-01T19:55:14.000Z,"Let‚Äôs go Naveen! ",0,1,8
@GirlWhoShivers,https://twitter.com/GirlWhoShivers/status/1421922164496797709,2021-08-01T19:53:56.000Z,"thank you so much.. i know you guys do. you have always celebrated me and given me a platform. the people of yat have become literally best friends. we talk every day lol. i have the warm fuzzies right now, thank you guys, i'll ALWAYS celebrate my Yat! (my many yats..) <3",1,1,9
@heartape5192,https://twitter.com/heartape5192/status/1421921762036658180,2021-08-01T19:52:20.000Z,"It's... boring, right?",1,0,7
@NaveenSpark,https://twitter.com/NaveenSpark/status/1421921581278892040,2021-08-01T19:51:37.000Z,We love everything you do at  @whatsyouryat  HQ! Thank you for being a part of the Yat community. We are very lucky you are on this journey with us!,2,3,18
@YatMonke,https://twitter.com/YatMonke/status/1421921407382921219,2021-08-01T19:50:56.000Z,Let's gooo!,0,1,7
@boredgentleman,https://twitter.com/boredgentleman/status/1421921385232932865,2021-08-01T19:50:50.000Z,"Beautiful wallet tbh. Degens strong together. ",0,0,4
@Accumul80r,https://twitter.com/Accumul80r/status/1421921153984176133,2021-08-01T19:49:55.000Z,"Yes Naveen!!! ",0,1,9
@JaimeMusings,https://twitter.com/JaimeMusings/status/1421921029618872329,2021-08-01T19:49:26.000Z,This is like the least degen wallet I've ever seen,1,0,9
@GirlWhoShivers,https://twitter.com/GirlWhoShivers/status/1421920993208160264,2021-08-01T19:49:17.000Z,"NAVEEEEEEEEN WHATT?? ?IUHSFIUFHASIWA THANK YOU!!  @technoveinsmom  LOOK!! I REALLY APPRECIATE YOU SO MUCH. thank you for what you built - yat!!! your team has paved my way to NFTs now. :"")",1,1,15
@NaveenSpark,https://twitter.com/NaveenSpark/status/1421920490256470026,2021-08-01T19:47:17.000Z,A few new ones for the collection..  @GutterCatGang  @GirlWhoShivers  @BoredApeYC,22,14,66
@TheSmarmyBum,https://twitter.com/TheSmarmyBum/status/1421919644391149572,2021-08-01T19:43:55.000Z,Welcome to the fam homie,0,0,10
@TimpersHD,https://twitter.com/TimpersHD/status/1421919611025608705,2021-08-01T19:43:47.000Z,"welcome to the crew  3719 to feature in The Boring Ape Chronicles? ",1,0,10
@franalations23,https://twitter.com/franalations23/status/1421919516636762113,2021-08-01T19:43:25.000Z,"#NewProfilePic new pick up alert    @BoredApeYC  #BAYC #nft #nftcollector #NFTCommunity #digitalcollectibles",22,9,119
@Lucky5Micah,https://twitter.com/Lucky5Micah/status/1421919441000964096,2021-08-01T19:43:07.000Z,"Some of these shady projects donating to charities they set up themselves, while  @worldofwomennft ,  @TopDogBeachClub  and  @BoredApeYC  are picking actual charities equipped to make a difference. Shop accordingly.",1,3,12
@QualityNames_,https://twitter.com/QualityNames_/status/1421917758627983365,2021-08-01T19:36:26.000Z,Welcome to the family Steve.  Welcome to the Deathbot Gang.,0,1,17
@Fresh,https://twitter.com/Fresh/status/1421917451881644033,2021-08-01T19:35:13.000Z,"WELCOME! ",2,1,58
@curvethots,https://twitter.com/curvethots/status/1421914434709069827,2021-08-01T19:23:13.000Z,As if BAYC didn‚Äôt go 100x while Punks sat stagnated for 3 months lol,0,0,6
@austinvirts,https://twitter.com/austinvirts/status/1421913123108245508,2021-08-01T19:18:01.000Z,meet Timmy - he's into pop punk music and wore girls skinny jeans in highschool. he wears his beanie even in the summer and plays both guitar and drums. don't be confused Timmy isn't sad just nostalgic of his warped tour days,1,1,11
@czbonick,https://twitter.com/czbonick/status/1421911511627407362,2021-08-01T19:11:36.000Z,"Its all about family, homes",1,0,5
@sumit_eth,https://twitter.com/sumit_eth/status/1421911423760936966,2021-08-01T19:11:15.000Z,Just picked up the last edition of this beauty yesterday!! Some of my other personal favorite pieces come from  @Mad_Dog_Jones  @beeple  @3LAU  among many others! And lastly of course my  @BoredApeYC !!  https://opensea.io/assets/0xdad9dc2d497fbf0d27837700c0a7ba6b8c8f2b30/49100040050‚Ä¶,0,1,15
@Kyle__Rowe,https://twitter.com/Kyle__Rowe/status/1421911406815875072,2021-08-01T19:11:11.000Z,Ape Diesel #BAYC #BoredApeYachtClub  @vindiesel  @BoredApeYC,14,9,142
@drjeremynft,https://twitter.com/drjeremynft/status/1421910175246700548,2021-08-01T19:06:18.000Z,"http://Anchor.fm/nfteach  Have Jenkins dropping tomorrow.  Had Adam Brotman. @beijingdou  , wen???",2,0,5
@adambrotman,https://twitter.com/adambrotman/status/1421908560452145157,2021-08-01T18:59:53.000Z,I‚Äôm so close to just switching over permanently‚Ä¶.,3,0,13
@SEANvsALL,https://twitter.com/SEANvsALL/status/1421907524228247552,2021-08-01T18:55:46.000Z,pulled up to the virtual meetup last night to saw whatup to my #BoredApes family   @decentraland  @BoredApeYC    WEN VEGAS?!?!?!?!?!,1,1,8
@Gabadadi,https://twitter.com/Gabadadi/status/1421907477285806081,2021-08-01T18:55:35.000Z,. @SewerRats_NFT  and  @BoredApeYC  in the same tweet feels right.  #NFTCommunity #NFTcollection #nftcollector https://twitter.com/gangboynfts/status/1421906807908352000‚Ä¶,1,3,11
@chowfun69,https://twitter.com/chowfun69/status/1421907071927128064,2021-08-01T18:53:58.000Z,HE DOESNT MISS!!!!!!!  how to keep up with his calls? get a  @CyberKongz  and join the best alpha channel in the space hehe,2,1,7
@CaptainShatter,https://twitter.com/CaptainShatter/status/1421906117047717891,2021-08-01T18:50:10.000Z,Lets go!! Wish I was in the #BAYC too but I can at least say welcome to the #NFTCommunity!!!,0,1,3
@DuncanRogoff,https://twitter.com/DuncanRogoff/status/1421905492352274433,2021-08-01T18:47:41.000Z,thinking about changing my LinkedIn pfp to Ape#8103  #BAYC #ApeGang  @BoredApeYC,1,0,7
@mrmiracle1984,https://twitter.com/mrmiracle1984/status/1421905364526813193,2021-08-01T18:47:11.000Z,what happen?  @BoredApeYC,3,0,14
@Nate_Rivers,https://twitter.com/Nate_Rivers/status/1421904700887248902,2021-08-01T18:44:33.000Z,"Update on buys @punkscomic  up 450% @CyberKongz  up 1200%  +2250 passive bananas ($9000) @meebits  up 300% @TheHashmasks  no change @BoredApeYC  up 300%  Have made many other moves, but these are holdings I bought just to see how far up they'd climb..I think I hedged well..",4,1,19
@TheSmarmyBum,https://twitter.com/TheSmarmyBum/status/1421904524734869504,2021-08-01T18:43:51.000Z,Welcome to the ape fam!,0,0,9
@sepsauce,https://twitter.com/sepsauce/status/1421904494065901569,2021-08-01T18:43:43.000Z,Last night was a degenerate success. #bayc  @BoredApeYC,2,1,23
@0xPretzels,https://twitter.com/0xPretzels/status/1421903166434680839,2021-08-01T18:38:27.000Z,"Ape party in MN when you and  @thekidmcmanus  visit on Saturday 8/14 to play the Vikings in a preseason game. See ya there ",0,0,5
@Gee__Gazza,https://twitter.com/Gee__Gazza/status/1421903075837714432,2021-08-01T18:38:05.000Z,The biggest asset  @BoredApeYC  has is its immensely creative and incentivised community willing to grow the brand.  Full IP rights was a game changer and the Apes are trail blazing.  It‚Äôs like no other at the moment.,0,1,10
@thekidmcmanus,https://twitter.com/thekidmcmanus/status/1421902444838014976,2021-08-01T18:35:35.000Z,Welcome former teammate and Super Bowl Champion to the  @BoredApeYC  Party!,26,32,213
@beijingdou,https://twitter.com/beijingdou/status/1421902160573472769,2021-08-01T18:34:27.000Z,Jessica still right about those tier 1 NFTs.,0,0,5
@KeithBotha2,https://twitter.com/KeithBotha2/status/1421902094856986624,2021-08-01T18:34:11.000Z,My Bad ape by  @GabrielJWeis  is going up for sale today on  @opensea  ‚Ä¶.. DM me if you are interested in this piece ! It‚Äôs a 1/1 and will double in value very soon!  @BoredApeYC  @JustMon45676118  @3DBoredApeClub  @BoredApe2474  @apeinacoupe  @TravisTheApe  @Gold_Rilla  @realniceguy_SRH,0,3,12
@beijingdou,https://twitter.com/beijingdou/status/1421901467854770185,2021-08-01T18:31:42.000Z,realHDphunk,0,0,5
@BelfortNFT,https://twitter.com/BelfortNFT/status/1421900758908383232,2021-08-01T18:28:53.000Z,one of these is not like the other,2,0,14
@mbl267_NFT,https://twitter.com/mbl267_NFT/status/1421900242841186304,2021-08-01T18:26:50.000Z,A+ team. Excited for the launch.,0,0,7
@keepfischin,https://twitter.com/keepfischin/status/1421900238713929729,2021-08-01T18:26:49.000Z," ",0,0,7
@ChrisJourdan,https://twitter.com/ChrisJourdan/status/1421900184565465096,2021-08-01T18:26:36.000Z,might start the next trend of irl headshots with generative traits as pfps,1,0,5
@TimpersHD,https://twitter.com/TimpersHD/status/1421900140034629635,2021-08-01T18:26:25.000Z,"All apes for ep 2 have been chosen, the chance to feature in ep 3 will be soon ",1,0,5
@DrewAustin,https://twitter.com/DrewAustin/status/1421899863550308359,2021-08-01T18:25:19.000Z,Haha  @adambrotman  pic is classic in that group,2,0,7
@Picassobabyape,https://twitter.com/Picassobabyape/status/1421899569915437059,2021-08-01T18:24:09.000Z,12 Picasso bored ape sold !   @opensea  @boredapeyc  thanks @FCJMCP  143 adopted   10% will be donate for children   https://opensea.io/assets/0x495f947276749ce646f68ac8c248420045cb7b5e/33471077740815336644207333630678705806324114697619059550958109443265598062593/‚Ä¶  #opensea #nft #nfts #nftart #nftcommunity #cryptoart #collectibles #picassoape #babyape #nftdrop #boredapeyachtclub,0,0,4
@_jeffnicholas_,https://twitter.com/_jeffnicholas_/status/1421899527208902657,2021-08-01T18:23:59.000Z,"My OG  @BoredApeYC  fam (139,648, 2396, & 6633) #BoredApeYachtClub",3,1,14
@YessssZG,https://twitter.com/YessssZG/status/1421899471542231044,2021-08-01T18:23:46.000Z,@RizilienceBB  @BluntsNFT   @purrevilNFT,3,2,11
@Tyler_Polumbus,https://twitter.com/Tyler_Polumbus/status/1421898510304165889,2021-08-01T18:19:57.000Z,Sup  @thekidmcmanus  @BoredApeYC  did we just become best friends?,125,87,493
@Gabadadi,https://twitter.com/Gabadadi/status/1421893684971323392,2021-08-01T18:00:46.000Z,Do your other #NFT avatar projects earn you money?  @SewerRats_NFT  pays holders in many different ways.  You can even earn real money in  @discord  by working every hour! @garyvee  @GutterCatGang  @the_vogu  @BoredApeYC  @WickedCraniums  @BullsOnTheBlock  #NFTCommunity #WickedCraniums,2,7,20
@punk3178,https://twitter.com/punk3178/status/1421891507615780864,2021-08-01T17:52:07.000Z,I bought back into  @BoredApeYC  when floor was approaching 1 and look how that turned out. Now it‚Äôs @coolcatsnft time.,3,3,54
@srinigoes,https://twitter.com/srinigoes/status/1421890417805561859,2021-08-01T17:47:47.000Z,Thank you for this wonderful opportunity to attend the event online... I was there.... And got an awesome piece by  @theboywanders  to show for it.  https://opensea.io/assets/0x22c1f6050e56d2876009903609a2cc3fef83b415/649298‚Ä¶,1,1,6
@GabrielJWeis,https://twitter.com/GabrielJWeis/status/1421889781642846211,2021-08-01T17:45:16.000Z,Holy hell has #BAYC shown up!!! Over 6k followers and the hordes of Apes just keep coming! First Ape auction this Tuesday at 8pm PST. It‚Äôs just a one hour auction.  @BoredApeYC !,15,18,162
@Cosmo_boredape,https://twitter.com/Cosmo_boredape/status/1421889312128446467,2021-08-01T17:43:24.000Z,You need a  @BoredApeYC,2,0,7
@boredboomer_eth,https://twitter.com/boredboomer_eth/status/1421888108115628034,2021-08-01T17:38:37.000Z,So conflicted on listing this for sale! This  @BoredApeYC  is the 28th rarest ape according to  @raritytools  (V2 shows 46th). But here it goes.  @thelandvault  #enterthevault #ApeStrongTogether #BoredApeYachtClub https://opensea.io/assets/0xbc4ca0eda7647a8ab7c2061c2e118a18a936f13d/6858/‚Ä¶,0,2,8
@ajt,https://twitter.com/ajt/status/1421887661007122435,2021-08-01T17:36:50.000Z,Craziest part of the  @BoredApeYC  run up is there is no amount of money someone can offer me for my ape right now because I want to stay in the community as an ape holder.,25,12,169
@adamv_eth,https://twitter.com/adamv_eth/status/1421887177223462914,2021-08-01T17:34:55.000Z,"#NewProfilePic  @BoredApeYC  #bayc #apefollowape",20,13,164
@MichaelTant3,https://twitter.com/MichaelTant3/status/1421885681387900930,2021-08-01T17:28:58.000Z,"The purchases from that wallet include more than Artblocks also buying some of  @Matt_Furie 's Pegz and a golden  @BoredApeYC  for 95 ETH.  @banterlytics  tweeted these other movements by this wallet here: ",2,3,64
@ApeKidsClub,https://twitter.com/ApeKidsClub/status/1421885223319474179,2021-08-01T17:27:09.000Z,"Omg!! How I missed this full story, I have very big smile while I read this full story‚Ä¶ thanks parent bro ><",1,0,7
@iglifaslija,https://twitter.com/iglifaslija/status/1421884753863712769,2021-08-01T17:25:17.000Z,"Nice #1085 monster illustration ",1,1,5
@nonfungiblehumn,https://twitter.com/nonfungiblehumn/status/1421882237117628418,2021-08-01T17:15:17.000Z,"The tide rises all boats.  @GutterCatGang  IS NEXT, especially with the recent announcements and continued killer work by the team.",2,4,6
@guccitroII,https://twitter.com/guccitroII/status/1421881862171942914,2021-08-01T17:13:47.000Z,liquid ape by @liquiddyor   @BoredApeYC,1,1,12
@nonfungiblehumn,https://twitter.com/nonfungiblehumn/status/1421880832105488384,2021-08-01T17:09:42.000Z,Let‚Äôs vibe   @GutterCatGang  x  @BoredApeYC  !!! #bayc #gcg,2,4,20
@rektmando,https://twitter.com/rektmando/status/1421880173163597825,2021-08-01T17:07:05.000Z,COLLECTIBLES (2/2) -  @BoredApeYC  floor at 9 - $7.8m total volume - Autoglyphs floor 385 after floor swept -  @artblocks_io  Eternal Pump large sales and Sea Hams pump after  @Vince_Van_Dough  tweet - Pegz Peper sold for 90ETH - Meebits $4.6m volume,2,0,7
@spunksnft,https://twitter.com/spunksnft/status/1421879949875728387,2021-08-01T17:06:11.000Z,"NFT WEEKEND ",0,0,8
@mattmedved,https://twitter.com/mattmedved/status/1421879262257221641,2021-08-01T17:03:28.000Z,,1,0,5
@Fleetz_,https://twitter.com/Fleetz_/status/1421878901379375108,2021-08-01T17:02:01.000Z,And a  @GutterCatGang,0,1,4
@obcapital_eth,https://twitter.com/obcapital_eth/status/1421878755421794308,2021-08-01T17:01:27.000Z,"Mum, I‚Äôve made it  Much love for this community #bayc  Cheers for the follow  @BoredApeYC",1,0,6
@TimpersHD,https://twitter.com/TimpersHD/status/1421877934953050119,2021-08-01T16:58:11.000Z,"Glad to have you part of the crew ",0,0,8
@boredape93,https://twitter.com/boredape93/status/1421877673048039429,2021-08-01T16:57:09.000Z,Welcome to the fam!,0,0,4
@Fresh,https://twitter.com/Fresh/status/1421877654353969160,2021-08-01T16:57:04.000Z,"Keen to see it! ",1,2,30
@Bored_Ape_3665,https://twitter.com/Bored_Ape_3665/status/1421876969122185221,2021-08-01T16:54:21.000Z,"He is back, the first derivative featuring the most boring ape around. On  @hicetnunc2000  for 0.3333 $Xtz  https://hicetnunc.xyz/objkt/59144  #Ape #nft #nftcollectors #hicetnunc #cryptoart #art #digitalart #werble #psychedelicart #XTZ #BoredApeYachtClub #boredapeYC #BoredApe #BoredApes",2,6,31
@TimpersHD,https://twitter.com/TimpersHD/status/1421876908107698177,2021-08-01T16:54:06.000Z,The FINAL 2 apes to be featured in Episode 2 of The Boring Ape Chronicles have been chosen!! Welcome @mrfreshasian and  @mattmedved  !!   Each ape featured will have an edition reserved. Dropping Wednesday 4th. More info dropping soon!   @BoredApeYC,8,16,117
@0x_b1,https://twitter.com/0x_b1/status/1421875770612408325,2021-08-01T16:49:35.000Z,"With all the crazy  @artblocks_io  @larvalabs  @BoredApeYC  activity this weekend, glad to see some spill over into SPUNKS.   This weekend will forever be known as THE NFT WEEKEND. https://twitter.com/dollar_monopoly/status/1421874220376674305‚Ä¶",5,10,35
@jd_nft48,https://twitter.com/jd_nft48/status/1421875763591122948,2021-08-01T16:49:33.000Z,You and me both bother BUT you should also get a  @BoredApeYC  (not financial advises but you should ),1,0,6
@BoredApeGazette,https://twitter.com/BoredApeGazette/status/1421875412896976900,2021-08-01T16:48:10.000Z,"ICYMI ¬ª The  @Boredapeyc  Now Exceeds 5,000 Members  Find out what the founders of the BAYC said after the membership milestone:",0,3,7
@Lelospunk,https://twitter.com/Lelospunk/status/1421873935117869062,2021-08-01T16:42:17.000Z,"woah, nice collection mateee, have you checked out the  @GutterCatGang  ? You must join the discord and spend some time reading the announcements tab. Think you will like the things mentioned there!!!  Join the gang!",0,4,8
@CryptoStorm__,https://twitter.com/CryptoStorm__/status/1421873903086055424,2021-08-01T16:42:10.000Z,"Some NFTs I‚Äôm bullish on  @themetakey   @coolcatsnft  @worldofwomennft   @blitmap   @goatlodge   @GutterCatGang   @BoredApeYC  #BAKC   What else am I missing ",57,8,82
@Fresh,https://twitter.com/Fresh/status/1421873407390470145,2021-08-01T16:40:12.000Z,"Welcome ",3,1,201
@TimpersHD,https://twitter.com/TimpersHD/status/1421871386772054016,2021-08-01T16:32:10.000Z,"WELCOME  I gotta get you in The Boring Ape Chronicles at some point ",0,0,16
@RedactedWassie,https://twitter.com/RedactedWassie/status/1421871345906851842,2021-08-01T16:32:00.000Z,"It's wild so many  @BoredApeYC  holders are sleeping on  @3DBoredApeClub . Could be earning commission % on your own apes being sold, or get the matching 3D version for yourselves. Check it out. #BAYC #CyrptoPunks #GutterCats #ImmaDegen",3,2,11
@NftTrader,https://twitter.com/NftTrader/status/1421870547227402244,2021-08-01T16:28:50.000Z,"The first  @stonercatstv  #NFT has been securely traded on  @NftTrader  and its a beauty swap with a  @BoredApeYC  !  1 Irish Boho, Blindfold, Bayc T Black #BAYC  1 Catsington, Gold Eye, Starry Night #StonerCats   https://nfttrader.io  #NFTs #NFTcommunity #NFTcollector #StonerCats",1,1,5
@CrazyLizardArmy,https://twitter.com/CrazyLizardArmy/status/1421869781196492807,2021-08-01T16:25:47.000Z,"Wooow, what you collected are awesome gold artworks   Cool bro!",0,0,7
@shariq911,https://twitter.com/shariq911/status/1421869425645469696,2021-08-01T16:24:22.000Z,"Welcome ",0,1,11
@Wine_Ace,https://twitter.com/Wine_Ace/status/1421868045903876097,2021-08-01T16:18:53.000Z,"strong conviction on the punks, felt good about apes too, but missed drop. still aped early. FOMO from selling 2 apes (or many squigs.) was able to support more artists/projects next? @TopDogBeachClub   thanks  @ArtOnBlockchain  @BoredApeYC  4 leading the way #artblocks #BAYC #TDBC",2,0,5
@ape5170,https://twitter.com/ape5170/status/1421860409603022855,2021-08-01T15:48:33.000Z,Love seeing all these new apes breathing fresh new life into this already vibrant an awesome community. Welcome to the best club everyone! If I‚Äôm not following you let me know.  .               @BoredApeYC  #apestogetherstrong #apefollowape,0,0,6
@obcapital_eth,https://twitter.com/obcapital_eth/status/1421860243789778945,2021-08-01T15:47:53.000Z,Bored as always   NFTs with commercial licenses are one of the smartest marketing moves  to date - traditional brands are going to have to innovate and adapt to keep up    #bayc  @BoredApeYC  #BoredApeYachtClub,24,28,221
@devinthedude07,https://twitter.com/devinthedude07/status/1421860027149733895,2021-08-01T15:47:02.000Z,"@BarnOwlzNFT  x  @BoredApeYC  #PFP #nftart #cryptoart #NFTCommunity #nftcollector #nft #nfts #diversity #learntoearn #veefriends #community #OpenSeaNFT #bayctreehouse #bored #hoot #owl #ape #BAYC #NFTartist #commissionsopen #cryptopunks #buythedip #WATCH #FAMILY ",0,1,9
@Flippinape,https://twitter.com/Flippinape/status/1421859628233596932,2021-08-01T15:45:26.000Z,I still hold my minted ape. Got lucky with the clean look,1,0,6
@BYOPills,https://twitter.com/BYOPills/status/1421857701001404426,2021-08-01T15:37:47.000Z,Good question   @BoredApeYC,0,1,8
@sandrikNFT,https://twitter.com/sandrikNFT/status/1421856871133155331,2021-08-01T15:34:29.000Z,"Alright,  @steveaoki  , I heard you're an ape now - can't wait to see which ones brought you in! Welcome to the  @BoredApeYC  fam!",1,1,10
@DanielitoG25,https://twitter.com/DanielitoG25/status/1421851456945131529,2021-08-01T15:12:58.000Z,So  @BoredApeYC  is about 100 sales away from a 10 eth floor   Not bad not bad,0,2,36
@_octonaut,https://twitter.com/_octonaut/status/1421850067342876676,2021-08-01T15:07:27.000Z,Finally snagged my 1st  @BoredApeYC    5000th holder riding that gini coef down LFG!!  Show yourself fam I'm following fellow apes! #BAYC #BoredApeYachtClub,61,26,267
@BasedStoic,https://twitter.com/BasedStoic/status/1421850032706363398,2021-08-01T15:07:19.000Z,"10 ETH floor today ",3,0,6
@srinigoes,https://twitter.com/srinigoes/status/1421848799610216457,2021-08-01T15:02:25.000Z,Love this.... Being half way across the world is making me miss out on such awesomeness  Can't wait for an event this side...,1,1,5
@skull_nft,https://twitter.com/skull_nft/status/1421848695411290120,2021-08-01T15:02:00.000Z,"In no particular order, #NFTs I believe will be valuable long term: @ShowdeerArt   @TribesNFT   @XCOPYART   @PDestroxer   @BoredApeYC   @PopWonderNFT   @artblocks_io   @NeonKabukiNFT   @RoyalSocietyOP  ",6,2,23
@NFtSNiPERbOt,https://twitter.com/NFtSNiPERbOt/status/1421847187714150401,2021-08-01T14:56:00.000Z,"The floor price of an ape is $22,466.27 #bayc #BoredApeYachtClub #nfts #bakc #veefriends #cryptopunks #crypto #eth #btc #ethereum #apestogetherstrong  @garyvee  @MatSposta  @TomBrady  @saquon  LFG!  #APEUP #APETHEFUCKUP Congrats  @BoredApeYC  5001+ members! #NFTCommunity  @darren_ogoff",5,19,37
@icanfly3333,https://twitter.com/icanfly3333/status/1421846562582446081,2021-08-01T14:53:31.000Z,you mean is it them ?  @ElephantNFTS,0,2,7
@bakin1,https://twitter.com/bakin1/status/1421844094788136975,2021-08-01T14:43:43.000Z,The rising  @BoredApeYC  floor is great but I‚Äôm more optimistic about the number of unique owners and the continued community engagement.,10,8,66
@MetaMushrooms,https://twitter.com/MetaMushrooms/status/1421842696256114695,2021-08-01T14:38:10.000Z,"GRATEFUL APE BLUNT TRIP HAS SOLD!! THANKS 'FOXIE' for PICKING THIS UP!!    WANT FREE NFTs?  YES! Buy TWO BLGABC, get a CUSTOM 1/1 FREE!  EACH A 1/1 NOW! ONLY FIVE left of the original 15  STARTING AT 0.01E ",3,2,5
@icanfly3333,https://twitter.com/icanfly3333/status/1421842033405153282,2021-08-01T14:35:31.000Z,,3,0,6
@rabonaxyz,https://twitter.com/rabonaxyz/status/1421842011372539913,2021-08-01T14:35:26.000Z,u need a gold gutter cat to complete the set  #GCG,1,0,6
@icanfly3333,https://twitter.com/icanfly3333/status/1421840182928715784,2021-08-01T14:28:10.000Z,I love ape and the vogu   @BoredApeYC  @the_vogu,30,26,265
@domain,https://twitter.com/domain/status/1421840062053076994,2021-08-01T14:27:41.000Z,Meet my newest ape #1459 - Rank #44  @BoredApeYC  #BAYC #NFT #NFTS #ApeFollowApe,2,3,24
@StonedBrody,https://twitter.com/StonedBrody/status/1421837791391059971,2021-08-01T14:18:40.000Z,"  !!!!!5,000 APES!!!!!    Wow!  There are now 5,000 individual ape owners!   @BoredApeYC    Shout out to all apes! Current, past & future!  9,999 apes here we come!!   stay bored",2,4,34
@PixelKnightsNFT,https://twitter.com/PixelKnightsNFT/status/1421835914121252864,2021-08-01T14:11:13.000Z,"The only thing to tell your wife, is that you're an unstoppable legend!   Thank you for your support Rakuwaru!",1,0,4
@FuckYouBuyMe,https://twitter.com/FuckYouBuyMe/status/1421834569645531144,2021-08-01T14:05:52.000Z,Put the fqing sound on & get rekt by the 13 Fqing Collectibles on  @rariblecom  feat.  @larvalabs  @BoredApeYC  @BullsOnTheBlock  @iamlirona  @coolcatsnft  @DegenzNFT  @mooncatsrescue  @MyFuckingPickle  @forgottenrunes  @GutterCatGang  @MisfitUni  @RealSupDucks   https://bit.ly/3lfSAKp,5,2,8
@mashiiiine,https://twitter.com/mashiiiine/status/1421833160065789954,2021-08-01T14:00:16.000Z,"many overslept  @cryptopunksbot  in the beginning. many overslept  @BoredApeYC   don't sleep #cryptogangstas  I just warn you  later will be too late ",2,7,24
@WavyAped,https://twitter.com/WavyAped/status/1421831477076144130,2021-08-01T13:53:35.000Z,So glad someone bought the zombie beanie  @BoredApeYC  at 9.9eth.. I don't have to obsessively think about it anymore.,0,1,7
@jmt_nft,https://twitter.com/jmt_nft/status/1421830082553958400,2021-08-01T13:48:02.000Z,"Seeing the  @BoredApeYC  floor rise to 8.8E is great, but *THIS* is the metric that really matters. Honestly, I didn‚Äôt think 5k was possible.   Massive congrats to such an amazing community of innovators, creatives, and believers.   WAGMI‚Ä¶together",0,2,20
@GratefulApe_eth,https://twitter.com/GratefulApe_eth/status/1421828536399183873,2021-08-01T13:41:54.000Z,15 Apes to floor 9 ETH.  @BoredApeYC  What a party,0,3,13
@weareround21,https://twitter.com/weareround21/status/1421827036922974210,2021-08-01T13:35:56.000Z,Buzzer break: It's halftime of our  @BoredApeYC  release: 3 days left to secure yours. https://boredapeyachtclub.com/#/merch,1,4,12
@izgnzlz,https://twitter.com/izgnzlz/status/1421824867339472897,2021-08-01T13:27:19.000Z,"If YxngGxng has an ape now, should we be expecting a  @BoredApeYC  x  @Ghxsts  collection? Because that would be the hottest thing since sliced bread.",0,1,9
@Kyloren_NFT,https://twitter.com/Kyloren_NFT/status/1421822969731371011,2021-08-01T13:19:46.000Z,You need two apes   One as your forever avatar in the metaverse.   The second to fractionalise when floor reaches $50k.     Don‚Äôt sell your ape.  @BoredApeYC,6,11,97
@CryptoPapi10,https://twitter.com/CryptoPapi10/status/1421822156200087555,2021-08-01T13:16:32.000Z,"Who's going to be the one to tell this person that this attempt at flipping an Ape 2 hours later is actually losing money. If someone knows this person, please educate them.  @BoredApeYC",1,0,4
@0xdort,https://twitter.com/0xdort/status/1421814287497146368,2021-08-01T12:45:16.000Z,Needing that  @BoredApeYC  Miami meetup. Who's in?,1,0,6
@cryptogal81,https://twitter.com/cryptogal81/status/1421808655473774595,2021-08-01T12:22:54.000Z,Thank you for the offer but no thanks.  @BoredApeYC  #BAYC,3,0,9
@NFT_Sense,https://twitter.com/NFT_Sense/status/1421806571772862466,2021-08-01T12:14:37.000Z,"Hi #NFTCommunity!  August is birthday!   Save the date = August, 21  And save my wishlist: @BoredApeYC   ",1,0,4
@tomaszmro,https://twitter.com/tomaszmro/status/1421800538505728000,2021-08-01T11:50:38.000Z,"I recently changed my profile picture to an artwork from my project, but that doesn‚Äôt mean I stopped loving the apes.  @BoredApeYC  changed my life and I‚Äôll forever be grateful. Here are some of the ones I own.",4,1,19
@mrdavediamond,https://twitter.com/mrdavediamond/status/1421794647295156225,2021-08-01T11:27:14.000Z,Help me out folks ‚Ä¶  How bored is this  @BoredApeYC  ape?  Scale 1-10?  #bayc #nftd,1,0,6
@rektmando,https://twitter.com/rektmando/status/1421791669234589696,2021-08-01T11:15:24.000Z,"It‚Äôs 2021 - genuinely how much is a Cryptopunk or  @BoredApeYC  going to be worth in 10 years, 20 years, 50 years.  Community and status is the utility - that‚Äôs only going to grow with time.",1,1,16
@LordTruffington,https://twitter.com/LordTruffington/status/1421790839995514883,2021-08-01T11:12:06.000Z,"5,000 holders is really a massive milestone! Congrats  @BoredApeYC  ",0,0,5
@RDM_41,https://twitter.com/RDM_41/status/1421790303728635908,2021-08-01T11:09:58.000Z,"As I said last night, I woke up to  @BoredApeYC  hitting 5k unique wallets. What an amazing project. It‚Äôs changed my life in so many ways & I couldn‚Äôt be more thankful to  @GordonGoner  @TomatoBAYC  @CryptoGarga  @NoSassBAYC",1,3,26
@SoapBoxCar,https://twitter.com/SoapBoxCar/status/1421789371058032644,2021-08-01T11:06:16.000Z,"So what's next? - #CryptoPunks get a story on primetime news on Monday for all the ridiculous sales. (Calls for the top start to come in again) - just as coin markets cycle, Punks drag other ""established"" projects up Here's where  @BoredApeYC  @GutterCatGang  @coolcatsnft ....",1,1,8
@DappRadar,https://twitter.com/DappRadar/status/1421787798697390085,2021-08-01T11:00:01.000Z,"See our  @BoredApeYC  valuation report? https://dappradar.com/blog/how-to-value-bored-apes-yacht-club-nfts‚Ä¶  What NFT collection should we explore next? ",6,1,14
@miggy_az,https://twitter.com/miggy_az/status/1421786453848190976,2021-08-01T10:54:40.000Z,I remember the day after  @BoredApeYC  launched. I knew it was going to be a great project but I wasn‚Äôt liquid at the time so I sat back.   I also thought I was ‚Äúpriced out‚Äù at 0.4-0.5 ETH. Hindsight is a bitch.,2,0,12
@seannana,https://twitter.com/seannana/status/1421784600267812870,2021-08-01T10:47:18.000Z,Proud moment of  @TheeHustleHouse  with his  @BoredApeYC  on display at the  @APEDcollective  meetup in Venice,1,3,34
@CryptoPapi10,https://twitter.com/CryptoPapi10/status/1421784263192682496,2021-08-01T10:45:58.000Z,You don't need to thank NO ONE.  We are forever indebted to you for what you've created and the life changing opportunities this has presented for many. I will NEVER be apeless for as long as I live.,0,0,6
@Loopifyyy,https://twitter.com/Loopifyyy/status/1421779992904613893,2021-08-01T10:29:00.000Z,bored apes 10 eth floor probs in the next day,0,1,11
@rektmando,https://twitter.com/rektmando/status/1421779506247913476,2021-08-01T10:27:04.000Z,"Things will slow down.  But to me it‚Äôs pretty obvious that with Punks floor at $90k,  @BoredApeYC  community with 5000 wallets is going to see a massive inflow at $23k floor.  In the past it topped out at about 40% of Punks floor. That‚Äôs would be up another 50%.",1,2,25
@jastales,https://twitter.com/jastales/status/1421776788234117120,2021-08-01T10:16:16.000Z,"I was stupid to not buy a #cryptopunk in Jan21 or evn a few weeks back  I was stupid to not buy  @BoredApeYC  a month back  I'm also stupid to keep regretting and feeling the FOMO so bad. The show will go on. Rivers will keep flowing  Just gna keep calm & get what I can cuz, #WAGMI",2,2,9
@seannana,https://twitter.com/seannana/status/1421776724379897857,2021-08-01T10:16:01.000Z,Bored // so I made a shirt  @BoredApeYC  #BAYC #cheetahgang,30,18,224
@seannana,https://twitter.com/seannana/status/1421773584737857537,2021-08-01T10:03:32.000Z,Bored Ape Nana Club   @BoredApeYC  @APEDcollective,0,0,6
@TimpersHD,https://twitter.com/TimpersHD/status/1421771723419029505,2021-08-01T09:56:08.000Z,"Love to see it ",0,0,6
@def_inkognito,https://twitter.com/def_inkognito/status/1421771690233708545,2021-08-01T09:56:00.000Z,Officially x100 today. Where else could you achieve that in 3 months? #nakedape #BoredApeYC #ApeStrongTogether,1,0,9
@PAS5PAS,https://twitter.com/PAS5PAS/status/1421771609862549509,2021-08-01T09:55:41.000Z,Just bought this beauty #4797.,4,0,9
@orishake,https://twitter.com/orishake/status/1421767557921579009,2021-08-01T09:39:35.000Z,10 hours for the @REB3L_B0TS drop I see a lot of my fellow  @BoredApeYC  who are not following this and are going to regret.  Don't miss this one out!   #BAYC #BoredApeYachtClub #rebelbots #NFT #apefollowape #apefest,0,3,11
@Tyronejkd,https://twitter.com/Tyronejkd/status/1421765245614399491,2021-08-01T09:30:24.000Z,welcome,0,0,5
@maimu212,https://twitter.com/maimu212/status/1421762594680057858,2021-08-01T09:19:52.000Z,How‚Äôs my  @BoredApeYC  today? With all those crazy stats  since when are you a #BAYC family member?,3,0,5
@LordTruffington,https://twitter.com/LordTruffington/status/1421762407395901440,2021-08-01T09:19:07.000Z,"The floor of a  @BoredApeYC  ape is now over $22,000. Just saying... ",1,1,22
@WatchThisNFT,https://twitter.com/WatchThisNFT/status/1421762008060506112,2021-08-01T09:17:32.000Z,Where‚Äôs  @BoredApeYC  owner #8577. I got your  @bored_bananas  boi #NFT #NFTs #NFTCommunity,0,5,18
@Lucky1seth,https://twitter.com/Lucky1seth/status/1421762007536050184,2021-08-01T09:17:32.000Z,"@BoredApeYC  figge has amazing  & does amazing Work! Special Shout-out to  @mfigge  for lacing up BAYC! As a way to give back to the community! Outstanding! ",2,4,11
@techysparks,https://twitter.com/techysparks/status/1421761337051467777,2021-08-01T09:14:52.000Z,"I just can't get over how awesome the  @BoredApeYC  #BAYC community is friendly and nice.   Every passing moment, happier with my decision.",7,5,80
@ritanevermind,https://twitter.com/ritanevermind/status/1421757197835460609,2021-08-01T08:58:25.000Z,,0,0,3
@fxnction,https://twitter.com/fxnction/status/1421756674818265094,2021-08-01T08:56:20.000Z,I think the floor on  @BoredApeYC  could see 15 ETH this week,2,5,24
@plum_eth,https://twitter.com/plum_eth/status/1421755782371049476,2021-08-01T08:52:48.000Z,"My friend  @phon_ro  just picked up this double cheetah, 1 of only 8 with cheetah fur n matching caveman pelt, so special  @BoredApeYC  #BAYC",2,1,27
@cryptofrog202,https://twitter.com/cryptofrog202/status/1421752635007197184,2021-08-01T08:40:17.000Z,That LV Leo is the epitome of pimp ser. Jealous:),0,0,5
@jbondwagon,https://twitter.com/jbondwagon/status/1421750111613251586,2021-08-01T08:30:16.000Z,"Quick Numbers for  @BoredApeYC : - 10,000 apes were made available for minting exactly 3 months ago - 5000 unique owners of apes - an unprededented achievement of 50% ownership - 8Eth+ floor (currently at 8.266Eth!!!) from 0.08 mint price, 100% up in mint price  Glad to be #BAYC ",2,5,26
@bathingbayc,https://twitter.com/bathingbayc/status/1421749238317281280,2021-08-01T08:26:47.000Z,"#BAYC floor is currently sitting at 8+ETH!   To anyone who missed the yacht, I feel for you   #BoredApeYachtClub  #BoredApeYC",0,0,9
@GSA_nft,https://twitter.com/GSA_nft/status/1421749064719339520,2021-08-01T08:26:06.000Z,Get yours here,7,10,41
@ronnaldong,https://twitter.com/ronnaldong/status/1421748564401610754,2021-08-01T08:24:07.000Z,Welcome to the gang!,1,0,5
@murderface00420,https://twitter.com/murderface00420/status/1421747239098241031,2021-08-01T08:18:51.000Z,"My #NFT shopping is finally come to an end. My Twitter banner is complete.  These are my favorites so I give thanks to @BoredApeYC   @RealSupDucks   @stonercatstv   @BlazedCats   @BullsOnTheBlock   @money_alotta   @XCOPYART  ",3,2,13
@Pizza_Later,https://twitter.com/Pizza_Later/status/1421746593125081089,2021-08-01T08:16:17.000Z,LFG.  @BoredApeYC  #BAYC,1,10,72
@noealz,https://twitter.com/noealz/status/1421746353261015042,2021-08-01T08:15:20.000Z,I did a thing #apesfollowapes  @BoredApeYC,74,32,361
@nfttank,https://twitter.com/nfttank/status/1421745254064173057,2021-08-01T08:10:57.000Z,"Whoa  @BoredApeYC  ",7,0,44
@BonnieLass88,https://twitter.com/BonnieLass88/status/1421742778288119812,2021-08-01T08:01:07.000Z,Who‚Äôs up for the next #BAYC meet up being in Scotland!?  I reckon my Ape likes Whisky‚Ä¶  @BoredApeYC,9,4,52
@fxnction,https://twitter.com/fxnction/status/1421742487576530944,2021-08-01T07:59:58.000Z,Excited to announce fxnction x sparky Ventures has collected another ape   @techysparks  @BoredApeYC,8,2,23
@Gee__Gazza,https://twitter.com/Gee__Gazza/status/1421741902207062016,2021-08-01T07:57:38.000Z,"So now  @BoredApeYC  have 5k owners I should probably start to feel guilty that I have 3, right?",6,1,58
@ArtbyNafay,https://twitter.com/ArtbyNafay/status/1421741462639808518,2021-08-01T07:55:54.000Z,Congratulation to  @BoredApeYC  for reaching 5k unique holders!!!!!!! Love the community   #BAYC 1067 Reporting In.,1,0,10
@TheSmarmyBum,https://twitter.com/TheSmarmyBum/status/1421741060754075648,2021-08-01T07:54:18.000Z,Yo what! This is an incredible ape!,0,0,7
@_jeffnicholas_,https://twitter.com/_jeffnicholas_/status/1421739134440275980,2021-08-01T07:46:38.000Z,Wow.  @BoredApeYC  floor is almost 8ùù£ (7.95ùù£) with 5K members. This has been meteoric.,2,0,20
@gooniebrad,https://twitter.com/gooniebrad/status/1421735198291419139,2021-08-01T07:31:00.000Z,"Bruh, that is the dopest thing I‚Äôve ever seen ",0,0,7
@Memo_Mx,https://twitter.com/Memo_Mx/status/1421734111899758592,2021-08-01T07:26:41.000Z,"#NewProfilePic  @BoredApeYC  new family member is always better with a partner #ApeStrongTogether #BAYC #BAKC  @PinkBoredApes",2,3,13
@ctjwa,https://twitter.com/ctjwa/status/1421733844781252608,2021-08-01T07:25:37.000Z,"There are 21,000,000 bitcoins  There are only 10,000 punks and apes  @BoredApeYC",2,4,21
@byswickie,https://twitter.com/byswickie/status/1421730579788095491,2021-08-01T07:12:39.000Z,Thank you  @APEDcollective  for a BAYC event for the books. You did it perfectly. Thanks to  @brtmoments  for the hospitality and the speakeasy at The Townhouse - what a space!  @BoredApeYC,0,1,17
@PaulNotOkay,https://twitter.com/PaulNotOkay/status/1421729213602664449,2021-08-01T07:07:13.000Z,Welcome to apes fam!,1,0,8
@0xAli3n,https://twitter.com/0xAli3n/status/1421728503590961155,2021-08-01T07:04:24.000Z,this. we reached 5k unique owners! first NFT project ever to reach these heights.,3,3,18
@passytee,https://twitter.com/passytee/status/1421728478206955520,2021-08-01T07:04:18.000Z,I am now in possession of this beautiful Ape  @BoredApeYC  thank you to @Beept4lk for helping me look for one :D Now I can begin a battle video for just the apes hehehehehe,46,20,197
@joecannaccino,https://twitter.com/joecannaccino/status/1421727985376260109,2021-08-01T07:02:20.000Z,Today in Venice!,2,2,11
@nftsteam305,https://twitter.com/nftsteam305/status/1421727916816273409,2021-08-01T07:02:04.000Z,This page with new adventures of our heroes was created in collaboration with  @BoredApeYC  and  @MonstroCities_  . Thanks to  @MrMetaMask  for the Ape #4635 and  @srinigoes  for the Monster #1085 as well as all collectors who took part in the discussion and creation of the plot.,6,25,46
@JavierLovato127,https://twitter.com/JavierLovato127/status/1421727622686408708,2021-08-01T07:00:54.000Z,"#BAYC bathroom IRL @APEDcollective  @BoredApeYC",1,3,13
@austinvirts,https://twitter.com/austinvirts/status/1421727037627060229,2021-08-01T06:58:34.000Z,"welcome home ape #228  @BoredApeYC  ",7,2,37
@DaybedNFT,https://twitter.com/DaybedNFT/status/1421726992634847234,2021-08-01T06:58:24.000Z,Over 5k  @BoredApeYC  owners!  The #BAYC community is strong and only growing stronger by the day. #ApeStrongTogether #apestogetherstrong #cheetahgang #nfts,1,6,20
@RichVagner,https://twitter.com/RichVagner/status/1421724864788926464,2021-08-01T06:49:56.000Z,Thank you so much fam!!! My nft album just released too! Would love if you check it out. Link in bio  means a lot!,0,2,6
@chungachunft,https://twitter.com/chungachunft/status/1421724531027103749,2021-08-01T06:48:37.000Z,As  @BoredApeYC  hits 5k members today I can‚Äôt help but reread  @topshotfund ‚Äôs initial post. We‚Äôve come so far and it‚Äôs only just the beginning! https://topshotfund.substack.com/p/bored-ape-yacht-club‚Ä¶,0,2,11
@BoredApeGazette,https://twitter.com/BoredApeGazette/status/1421724206509793280,2021-08-01T06:47:19.000Z,"5,000 MEMBERS¬ª The  @Boredapeyc  Now Exceeds 5,000 Members  Find which celebrity joined the club right before the milestone:",0,6,14
@gooniebrad,https://twitter.com/gooniebrad/status/1421722891352109059,2021-08-01T06:42:06.000Z,"Man, this is one of the coolest things I‚Äôve seen from members of the  @BoredApeYC  community.. You should be proud brother  #BAYC #NFT",0,0,8
@_VLaaD_,https://twitter.com/_VLaaD_/status/1421722224881405953,2021-08-01T06:39:27.000Z,"In just 3 months . I can‚Äôt even imagine what #BAYC is going to look like at 1 year ",0,0,6
@mitchem,https://twitter.com/mitchem/status/1421722119843442688,2021-08-01T06:39:02.000Z,">50% of all 10k Bored Apes are now held by unique wallets  This is unheard of for a pfp project at scale  3 months young,  @BoredApeYC  distribution is real  https://newyorker.com/culture/infinite-scroll/why-bored-ape-avatars-are-taking-over-twitter‚Ä¶",0,1,7
@0xAli3n,https://twitter.com/0xAli3n/status/1421722035013758976,2021-08-01T06:38:42.000Z,"we just made history  @BoredApeYC  ",1,0,34
@dragonseller88,https://twitter.com/dragonseller88/status/1421721515767123969,2021-08-01T06:36:38.000Z,Congrats to our community #ApeStrongTogether,0,0,6
@wxw_eth,https://twitter.com/wxw_eth/status/1421720844045225987,2021-08-01T06:33:58.000Z,"What is the statistical probability of this? Congrats #BAYC  @BoredApeYC   #5000 holders strong ",1,2,28
@dirtybuns,https://twitter.com/dirtybuns/status/1421720673110560777,2021-08-01T06:33:17.000Z,"Congrats to everyone in the #BoredApeYachtClub. We‚Äôre just getting started. ",1,0,11
@squashman2147,https://twitter.com/squashman2147/status/1421720625802977280,2021-08-01T06:33:06.000Z,Congrats! Looks like one of these new holders was  @steveaoki !! Let's welcome him to the Ape family! #apestogetherstrong #BAYC,7,6,37
@0xWave,https://twitter.com/0xWave/status/1421720422727311363,2021-08-01T06:32:17.000Z,Thanks for bringing us apes together,0,2,13
@BoredApeYC,https://twitter.com/BoredApeYC/status/1421720199951126528,2021-08-01T06:31:24.000Z,"Unreal. Thank you, apes! ",65,285,866
@iamboredbecky,https://twitter.com/iamboredbecky/status/1421719858761269252,2021-08-01T06:30:03.000Z,"3,2,1.... HOLY SHIT  5001 holders!  #BAYC  @BoredApeYC  #BoredApeYachtClub #nfts #NFTCommunity",0,4,27
@BoredApeGazette,https://twitter.com/BoredApeGazette/status/1421719594734166020,2021-08-01T06:29:00.000Z,BREAKING¬ª The  @BoredApeYC  Has 5k unique holders:,5,20,82
@PaulNotOkay,https://twitter.com/PaulNotOkay/status/1421719583480705025,2021-08-01T06:28:57.000Z,"Ok, it‚Äôs official. @BoredApeYC  already reach 5K unique wallet holder! 50%!!! And 8 ETH floor!!  What a milestone!!!",1,13,28
@joecannaccino,https://twitter.com/joecannaccino/status/1421719211051675648,2021-08-01T06:27:28.000Z,,2,0,4
@BorisVagner,https://twitter.com/BorisVagner/status/1421718914443087874,2021-08-01T06:26:18.000Z,,0,0,4
@MrMetaMask,https://twitter.com/MrMetaMask/status/1421718776580562946,2021-08-01T06:25:45.000Z,‚ÄúWait‚Ä¶that‚Äôs not a floor‚Ä¶it‚Äôs an elevator‚Ä¶and it‚Äôs going straight up! ‚Äù,1,1,6
@ApeofPoland,https://twitter.com/ApeofPoland/status/1421718324182929409,2021-08-01T06:23:57.000Z,"Hey buddy  what is that rising on the horizon? Is that  @BoredApeYC   floor?   @HouseofKibaa  @boredApeCOMIC ",23,53,311
@RichVagner,https://twitter.com/RichVagner/status/1421718065645977606,2021-08-01T06:22:55.000Z,"Thank you so much ape fam ",2,0,5
@PaulNotOkay,https://twitter.com/PaulNotOkay/status/1421716393976745985,2021-08-01T06:16:17.000Z,Welcome to  @BoredApeYC  family!!!  All hail  @steveaoki  !!! AOKI is an APE!!,0,6,24
@iRacer77,https://twitter.com/iRacer77/status/1421716288221716481,2021-08-01T06:15:51.000Z,Welcome to the  @BoredApeYC  @steveaoki !,1,1,6
@mikadontlouz,https://twitter.com/mikadontlouz/status/1421715925795962886,2021-08-01T06:14:25.000Z,Sheeeeesh   @BoredApeYC,0,1,6
@multivrsstudios,https://twitter.com/multivrsstudios/status/1421713082779197442,2021-08-01T06:03:07.000Z,Oh I wish I could walk around and rock these. Thanks  @mfigge  :D #nft #nfts  @BoredApeYC  #bayc #nike,3,0,22
@CryptoVonDoom,https://twitter.com/CryptoVonDoom/status/1421710895852318725,2021-08-01T05:54:26.000Z,In the last 3 hours 1 Ape sold for 95 ETH and another sold for 100 ETH. 6 Apes away from an 8 ETH floor.  Between all that Punk money yesterday and new people running into the market this is just the start.  #BAYC #BoredApeYachtClub #BoredApeYC,1,6,16
@ApeKidsClub,https://twitter.com/ApeKidsClub/status/1421710764675538944,2021-08-01T05:53:55.000Z,"My mom should be proud!!!  if anyone there at the event can share some image ""Avatar of the year"" and of course, it all us! Ape ape should be amazing to see it.   thanks photo by  @herkshire    @BoredApeYC  @APEDcollective",1,6,49
@boredboomer_eth,https://twitter.com/boredboomer_eth/status/1421710365994356737,2021-08-01T05:52:20.000Z,CONSIDERING?! Just go buy it!,1,0,5
@IrinaLiakh,https://twitter.com/IrinaLiakh/status/1421709022323822592,2021-08-01T05:46:59.000Z," @RichVagner  totally killing it at APED LA   @APEDcollective  @BoredApeYC  #BAYC #BoredApes",8,14,104
@joecannaccino,https://twitter.com/joecannaccino/status/1421707710551126018,2021-08-01T05:41:46.000Z,I had such an awesome time!!,2,1,9
@joecannaccino,https://twitter.com/joecannaccino/status/1421707701860532225,2021-08-01T05:41:44.000Z,This was such an awesome event! Everyone was super cool! I love this amazing community!! Great Job Guys!!  @BoredApeYC  @APEDcollective,0,0,5
@aCrazyMonkey,https://twitter.com/aCrazyMonkey/status/1421707348859523073,2021-08-01T05:40:20.000Z,"Absolutely epic performance from  @RichVagner  tonight at  @APEDcollective  my man can do it all!  Another epic turnout from the  @BoredApeYC  vibes were immaculate   ",2,2,26
@0xPretzels,https://twitter.com/0xPretzels/status/1421704606195884033,2021-08-01T05:29:26.000Z,"Pretzels and I go all the way back to minting days! ",3,0,7
@byswickie,https://twitter.com/byswickie/status/1421704409600315393,2021-08-01T05:28:39.000Z,Beautiful night at  @APEDcollective  in Venice  @brtmoments  @BoredApeYC,1,8,42
@NFtSNiPERbOt,https://twitter.com/NFtSNiPERbOt/status/1421704320886652930,2021-08-01T05:28:18.000Z,"Are these the next #cryptopunks , #boredapeyachtclub or #artblocks ?  #veefriends having an uptick... #nfts #NFTCommunity  @garyvee  @BoredApeYC  @larvalabs  #hologram https://opensea.io/assets/veefriends?search[sortAscending]=true&search[sortBy]=PRICE&search[stringTraits][0][name]=spectacular&search[stringTraits][0][values][0]=Hologram&ref=hbizzle.eth‚Ä¶",0,1,5
@byswickie,https://twitter.com/byswickie/status/1421704177776877568,2021-08-01T05:27:44.000Z,Scenes from  @APEDcollective  at  @brtmoments  in Venice  @BoredApeYC,3,9,70
@Feld4014,https://twitter.com/Feld4014/status/1421703969009807362,2021-08-01T05:26:54.000Z,"ahhhhhh i wanna drink with y'alllllll ",2,0,5
@byswickie,https://twitter.com/byswickie/status/1421702941187010568,2021-08-01T05:22:49.000Z,Fangirling over  @painter_crypto  @APEDcollective  @BoredApeYC,5,9,89
@byswickie,https://twitter.com/byswickie/status/1421702497706545155,2021-08-01T05:21:04.000Z,My crew for  @APEDcollective  @BoredApeYC,6,5,66
@byswickie,https://twitter.com/byswickie/status/1421702319826030592,2021-08-01T05:20:21.000Z,The talent in  @BoredApeYC  is umatched.  @RichVagner  playing  @APEDcollective,8,20,101
@vk_doge,https://twitter.com/vk_doge/status/1421700477683527680,2021-08-01T05:13:02.000Z,most exicting (and adoring)  @BoredApeYC  derivative i have seen so far,1,1,10
@DJSamF,https://twitter.com/DJSamF/status/1421696173589491716,2021-08-01T04:55:56.000Z,Let‚Äôs gooooo,0,0,6
@DFZ6644,https://twitter.com/DFZ6644/status/1421692425177763845,2021-08-01T04:41:02.000Z,Gradually forming my NFT Avengers team. Starting to come together nicely. Assemble! @BoredApeYC   @coolcatsnft  @TheDogePoundNFT   @dopeshibas   #NFT #crypto,2,2,9
@joecannaccino,https://twitter.com/joecannaccino/status/1421692108944015360,2021-08-01T04:39:47.000Z,Had a blast meeting all these super cool Ape owners at the  @APEDcollective  @BoredApeYC  event in Venice today!,1,1,8
@amandawoolleyy,https://twitter.com/amandawoolleyy/status/1421692073242210304,2021-08-01T04:39:38.000Z,Apparently I have expensive taste... I am currently only drawn to  @BoredApeYC  that are waaaaaayyyyyy out of my budget   #bayc #nft #NFTcollection,1,0,6
@UsmanPatel_,https://twitter.com/UsmanPatel_/status/1421691496542052353,2021-08-01T04:37:21.000Z,That merch is dope!,1,0,5
@mfigge,https://twitter.com/mfigge/status/1421689584144982023,2021-08-01T04:29:45.000Z,welcome  @HypedMali  - all apes need shoes,3,2,9
@HypedMali,https://twitter.com/HypedMali/status/1421688085524324353,2021-08-01T04:23:47.000Z,"It's official, I'm now part of the #BAYC!   Been putting this off for far too long and have paid the price for my indecisiveness.  Where's my fellow  @BoredApeYC  family at? Comment below so I can follow you.  #BoredApeYachtClub",101,25,310
@Roothlus,https://twitter.com/Roothlus/status/1421687401605341194,2021-08-01T04:21:04.000Z,"Punks are crushing but  @BoredApeYC  is a goddamn movement!! It‚Äôs only been exactly three months and I‚Äôm already meeting tons of Apes at an irl event. Thanks  @APEDcollective  for putting this on ",1,6,62
@93nido,https://twitter.com/93nido/status/1421686063655968771,2021-08-01T04:15:45.000Z,2 Gold  @BoredApeYC  sales just went for 100 eth and 95 eth,0,0,8
@0xWave,https://twitter.com/0xWave/status/1421685439895797763,2021-08-01T04:13:17.000Z,The state of gold fur  @BoredApeYC  listing after the 95 and 100E sales: 100E -> 199E -> 200E -> 225E -> 420E -> 444E -> 666E -> 888E -> 1000E (x3),0,3,16
@Harrisonds97,https://twitter.com/Harrisonds97/status/1421685147351539714,2021-08-01T04:12:07.000Z,"I might be drunk but‚Ä¶..  Nonetheless, the  @BoredApeYC  floor is over $20,0000",0,0,5
@JRNYcrypto,https://twitter.com/JRNYcrypto/status/1421682015020015617,2021-08-01T03:59:40.000Z,"Here it is!  My first NFT guide on how I find good NFT projects, where the NFT space is headed and some great tips  Please retweet to support my content and these NFT projects  #NFTs #NFTCommunity #CryptoPunks #BAYC #BoredApeYC #DogePound #dogecoin",58,144,474
@AnnaCYH,https://twitter.com/AnnaCYH/status/1421681013537705985,2021-08-01T03:55:41.000Z,Dope,0,0,5
@SoapBoxCar,https://twitter.com/SoapBoxCar/status/1421680555754770435,2021-08-01T03:53:52.000Z,"Two sales within 90sec for over $500,000 (half million USD)  Apes are gonna make a run for it. #BAYC  @BoredApeYC  #BAKC",0,2,5
@3NipplesCapital,https://twitter.com/3NipplesCapital/status/1421679518171889670,2021-08-01T03:49:45.000Z,where are my apes at? let's start a follow train to banana town    #ApeFollowApe #BAYC  @BoredApeYC  #apestogetherstrong #ABeautifulBunchOfRipeBananas,4,1,8
@evenmoneysniper,https://twitter.com/evenmoneysniper/status/1421679050691514371,2021-08-01T03:47:53.000Z,Today was huge mix of emotions.  The  @BoredApeYC  community is one of a kind and I‚Äôm grateful I had the chance to be a part of it.  With the sale of #7472 I can now accomplish things in life I wouldn‚Äôt have imagined months ago. Can‚Äôt wait to Ape back in A$AP. #apestogetherstrong,0,1,8
@0xBaba23,https://twitter.com/0xBaba23/status/1421678065168441344,2021-08-01T03:43:58.000Z,If there are any  @BoredApeYC  out in San Francisco tonight hit me up  Shots on me,0,0,5
@dearearth_,https://twitter.com/dearearth_/status/1421677388354686976,2021-08-01T03:41:17.000Z,"_supa FLIPPED BoredApeYC #4926 for a PROFIT of $14,678 ( +170.27%) Bought @ 3.33 ETH => Sold @ 9 ETH https://opensea.io/assets/0xbc4ca0eda7647a8ab7c2061c2e118a18a936f13d/4926‚Ä¶",2,0,3
@onenine_eth,https://twitter.com/onenine_eth/status/1421676710672674816,2021-08-01T03:38:35.000Z,Yes it is!  Crazy day for Apes!  Kennel Club next!,0,0,5
@IzzyPollak,https://twitter.com/IzzyPollak/status/1421673473416437766,2021-08-01T03:25:44.000Z,"Just got here and am blown away by the  @BoredApeYC  community    I‚Äôm rocking an orange cheetah dashiki and red hat, say what‚Äôs good if you‚Äôre here!",18,27,265
@thekidmcmanus,https://twitter.com/thekidmcmanus/status/1421672753925550084,2021-08-01T03:22:52.000Z,Working with  @jjhlane  now on the  @BoredApeYC  meet up in Denver,5,6,40
@ASvanevik,https://twitter.com/ASvanevik/status/1421672563239833600,2021-08-01T03:22:07.000Z,. @BoredApeYC  very close to 5k unique hodlers,1,3,16
@beijingdou,https://twitter.com/beijingdou/status/1421671939094065154,2021-08-01T03:19:38.000Z,"Legends ",0,2,6
@YourstrulyVish,https://twitter.com/YourstrulyVish/status/1421671822458642435,2021-08-01T03:19:10.000Z,"Surreal.  @BoredApeYC  . Welcome to all the new ape holders . Welcome to the fam ",0,2,3
@woundedpixel,https://twitter.com/woundedpixel/status/1421669204386791431,2021-08-01T03:08:46.000Z,"Kudos to  @BahBs71  for giving back and spreading the  @BoredApeYC  love. He made several stops to hand out skateboards and donated skateboards to the SF skate club Eduskate program  I‚Äôm sure you made some people‚Äôs day, certainly made mine ",12,42,141
@sandrikNFT,https://twitter.com/sandrikNFT/status/1421667626233761792,2021-08-01T03:02:30.000Z,"Any  @BoredApeYC  meetups happening in the southeast?? If so, I'm down! If not, I'm ready to help make it happen!",3,1,9
@aCrazyMonkey,https://twitter.com/aCrazyMonkey/status/1421666411861008390,2021-08-01T02:57:40.000Z,We out here!  @BoredApeYC  @APEDcollective,5,17,99
@RowinKnows,https://twitter.com/RowinKnows/status/1421665834372640768,2021-08-01T02:55:22.000Z,@BoredApeYC  Let's get a Texas event going. I'm down to help make it happen!,10,6,51
@proofofdarth,https://twitter.com/proofofdarth/status/1421664533228052480,2021-08-01T02:50:12.000Z,"Giving away  @BoredApeYC  #4714 to a random Spudzville Spudz holder! Live tomorrow 8/1 at 5pm PT.   Spudz will be fully tradable for any art released in ‚ÄúDarth‚Äôs Market.‚Äù  If you haven‚Äôt grabbed yer tater yet, join the family at:  https://opensea.io/collection/spudzville-spudz‚Ä¶",1,3,6
@NFTicket,https://twitter.com/NFTicket/status/1421661469062668289,2021-08-01T02:38:02.000Z," @BoredApeYC  blows past it's all-time high floor.   Sitting now at 7.6 ETH.  Up 2 ETH in a day.",10,16,89
@byswickie,https://twitter.com/byswickie/status/1421660137509441538,2021-08-01T02:32:44.000Z,@APEDcollective  @BoredApeYC  @brtmoments,9,16,120
@lulodoteth,https://twitter.com/lulodoteth/status/1421659803705765894,2021-08-01T02:31:25.000Z,Can't be there in person but that's why we have the metaverse #apedla #BAYC #apefamily  @BoredApeYC  @APEDcollective,1,1,8
@byswickie,https://twitter.com/byswickie/status/1421659572360548352,2021-08-01T02:30:29.000Z,Apes for days  @APEDcollective  @BoredApeYC  @brtmoments,0,2,19
@K3n_eth,https://twitter.com/K3n_eth/status/1421657866285506566,2021-08-01T02:23:43.000Z,I still thankful n hype  @BoredApeYC  air dropped us BAKC,1,0,19
@NFTbark,https://twitter.com/NFTbark/status/1421657864951709703,2021-08-01T02:23:42.000Z,"Woah I did not realize  @DezBryant  joined  @BoredApeYC ! Nice! Welcome, Dez! We‚Äôre getting some heavy hitters in the NFT game! ",2,5,29
@IrinaLiakh,https://twitter.com/IrinaLiakh/status/1421657493755678723,2021-08-01T02:22:14.000Z,APED LA   @APEDcollective  @brtmoments  @BoredApeYC  #BAYC #BoredApes #venice,0,0,13
@Escapation,https://twitter.com/Escapation/status/1421656153159659521,2021-08-01T02:16:54.000Z,I just told my Uber driver he can recognize me by my big pink sad ape  @BoredApeYC,2,0,8
@IrinaLiakh,https://twitter.com/IrinaLiakh/status/1421655926906384384,2021-08-01T02:16:00.000Z," APED LA  let‚Äôs get this party started!   @APEDcollective  @brtmoments  @BoredApeYC  #BAYC #BoredApes #venice",1,1,30
@Walshy_Eth,https://twitter.com/Walshy_Eth/status/1421655796534947842,2021-08-01T02:15:29.000Z,"Feels pretty authentic, man! It's set up similar to the irl event, with a live stream of the irl event! Come chill.  #ApeMeetup #BAYC  @BoredApeYC  @decentraland  #DCL #Metaverse",1,0,8
@fxnction,https://twitter.com/fxnction/status/1421655341821947905,2021-08-01T02:13:41.000Z,They don‚Äôt know I have over 230 NFTs and I‚Äôm a member of the exclusive  @BoredApeYC .,0,0,10
@RoninDaCC,https://twitter.com/RoninDaCC/status/1421652533106315264,2021-08-01T02:02:31.000Z,"‚ÄúI sold a laser eyes for like 1.65 ETH... yaaah, that one hurt.‚Äù -Me, over a month ago on  @TheFirstMint    Want to hear that story, what it was like to be in on  @BoredApeYC  , and my start in NFTs?! ",2,5,20
@Almajaguar,https://twitter.com/Almajaguar/status/1421649588348403713,2021-08-01T01:50:49.000Z," ",0,1,5
@themonarch00,https://twitter.com/themonarch00/status/1421649347477975048,2021-08-01T01:49:52.000Z,Wild,0,1,6
@boxofcorey,https://twitter.com/boxofcorey/status/1421647346560118792,2021-08-01T01:41:55.000Z,The collab I didn't know I needed.  @LxvelessNFT  x  @BoredApeYC   #NewProfilePic,0,1,19
@0xboredrobot,https://twitter.com/0xboredrobot/status/1421645496888684544,2021-08-01T01:34:34.000Z,"THANK YOU  @BoredApeYC  for airdropping me golden doggo 7075! I sold him today for way lower than I think he's worth, but this is still life-changing money   Time to adopt another one ",1,0,32
@slobotski,https://twitter.com/slobotski/status/1421645435379257345,2021-08-01T01:34:19.000Z,"15 more until the 8E floor and only 18 more owners until 5,000 holders! We‚Äôre going to make it.  @BoredApeYC  #BAYC #BAKC",0,0,5
@BoredApeGazette,https://twitter.com/BoredApeGazette/status/1421644387763752967,2021-08-01T01:30:09.000Z,"BEHIND THE DEAL¬ª  @boredapeyc  Member  @GButterCrypto  Sold His Bored Ape To NFL Player  @thekidmcmanus , For 18 Eth And A Memory To ‚ÄúCherish For A Life Time‚Äù  Find out all the details here:",1,10,13
@HawkChainETH,https://twitter.com/HawkChainETH/status/1421642602688954375,2021-08-01T01:23:03.000Z,I see  @ElephantNFTS  doing something similar.,0,1,7
@sven_nft,https://twitter.com/sven_nft/status/1421640570737418246,2021-08-01T01:14:59.000Z,Agree to disagree,0,0,5
@BelfortNFT,https://twitter.com/BelfortNFT/status/1421637916950999044,2021-08-01T01:04:26.000Z,this is still a major success story,0,1,11
@a1ex_eth,https://twitter.com/a1ex_eth/status/1421636443030573057,2021-08-01T00:58:35.000Z,The  @BoredApeYC  floor is going parabolic right now   #BAYC #NFTs,3,4,30
@Pizza_Later,https://twitter.com/Pizza_Later/status/1421635051696136192,2021-08-01T00:53:03.000Z,I had to rep  @the_vogu  to support the drop but  @BoredApeYC  will always be my first love.  #NewProfilePic #OldProfilePic,6,3,65
@byswickie,https://twitter.com/byswickie/status/1421634306078765056,2021-08-01T00:50:05.000Z,Bored Apes everywhere  @APEDcollective  @BoredApeYC,0,2,15
@RamonGovea,https://twitter.com/RamonGovea/status/1421634016978034695,2021-08-01T00:48:56.000Z,Big  @MythDivision  Announcement #4!  As part of a new partnership with  @thelandvault  any Genesis Token Holders will have pre-sale access to both the #BASYC  @BoredApeYC  Comic Issue #0 & our pfp avatar project @WaifuWarriors1  You'll get a max mint = tokens held.  3 tokens = 3 mints,7,20,51
@DanielitoG25,https://twitter.com/DanielitoG25/status/1421633963106394118,2021-08-01T00:48:44.000Z,17 sales in the last 10 minutes for  @BoredApeYC    Floor is getting eaten up,0,2,13
@CEthoughts,https://twitter.com/CEthoughts/status/1421633202691612675,2021-08-01T00:45:42.000Z,"Yeah love  @TopDogBeachClub  next couple of weeks are going to be massive   Don‚Äôt sleep on  @voxodeus  they are legit paving the pathway for 3D NFTs with utility.   I also feel  @worldofwomennft  is going to be that female representation of  @BoredApeYC  it feels so special ",1,0,8
@ZStekkel,https://twitter.com/ZStekkel/status/1421632380041900035,2021-08-01T00:42:26.000Z," ",2,1,6
@ZStekkel,https://twitter.com/ZStekkel/status/1421631019871088643,2021-08-01T00:37:02.000Z,"This is  @MetaverseWorld  original #boredape. We just gave him a partner. We should do that with all the apes to create the Pink Ape Jet Club LOL. I didn‚Äôt know there was a  @BoredApeLadies  . Looking at it now, Amazing ",1,0,6
@AJMallion,https://twitter.com/AJMallion/status/1421630944730099712,2021-08-01T00:36:44.000Z,"I‚Äôll donate $10 to said giveaway just for a chance at one, it‚Äôs a community I would die to be in. Well not die, as that would be pointless ",1,1,8
@theniftyoracle,https://twitter.com/theniftyoracle/status/1421630763569713153,2021-08-01T00:36:01.000Z,"we could have our own PINK PLANET OF THE APES ",2,0,6
@NickJames2021,https://twitter.com/NickJames2021/status/1421630464863965187,2021-08-01T00:34:50.000Z,Been following a bunch of new  @BoredApeYC  Apes today. Love it !!!,18,6,126
@painter_crypto,https://twitter.com/painter_crypto/status/1421629817351331845,2021-08-01T00:32:15.000Z,"I‚Äôll send you a print since you own almost every painting of mine that I‚Äôve listed. ",2,0,7
@magnum1102,https://twitter.com/magnum1102/status/1421629464241389577,2021-08-01T00:30:51.000Z,that is just dope! Congrats - here he is as a baby  @SpookiesNFT,1,2,7
@sheiladarcey,https://twitter.com/sheiladarcey/status/1421626101999095821,2021-08-01T00:17:29.000Z,This would be fabulous  @ZStekkel  ‚Ä¶one day I shall pick up a  @BoredApeLadies  and join the  @BoredApeYC . Thanks for inviting me on board‚Ä¶,1,0,6
@8thproject1,https://twitter.com/8thproject1/status/1421624250763563019,2021-08-01T00:10:08.000Z,GEO ZOO  18 animals in the zoo. Who's next ? @coolcatsnft  @BoredApeYC  @SewerRats_NFT  @RumbleKongs   DM for yours https://opensea.io/collection/geo-remix‚Ä¶,3,2,18
@TheeHustleHouse,https://twitter.com/TheeHustleHouse/status/1421623170977595393,2021-08-01T00:05:51.000Z,Preparing for the  @BoredApeYC  meetup in #venice,2,5,77
